chunk_id,doc_id,start,end
user_26981a0a704745f48630049ad71c420a_0,user_26981a0a704745f48630049ad71c420a,0,1800
user_26981a0a704745f48630049ad71c420a_1,user_26981a0a704745f48630049ad71c420a,1500,3300
user_26981a0a704745f48630049ad71c420a_2,user_26981a0a704745f48630049ad71c420a,3000,4800
user_26981a0a704745f48630049ad71c420a_3,user_26981a0a704745f48630049ad71c420a,4500,6300
user_26981a0a704745f48630049ad71c420a_4,user_26981a0a704745f48630049ad71c420a,6000,7800
user_26981a0a704745f48630049ad71c420a_5,user_26981a0a704745f48630049ad71c420a,7500,9300
user_26981a0a704745f48630049ad71c420a_6,user_26981a0a704745f48630049ad71c420a,9000,10800
user_26981a0a704745f48630049ad71c420a_7,user_26981a0a704745f48630049ad71c420a,10500,12300
user_26981a0a704745f48630049ad71c420a_8,user_26981a0a704745f48630049ad71c420a,12000,13800
user_26981a0a704745f48630049ad71c420a_9,user_26981a0a704745f48630049ad71c420a,13500,15300
user_26981a0a704745f48630049ad71c420a_10,user_26981a0a704745f48630049ad71c420a,15000,16800
user_26981a0a704745f48630049ad71c420a_11,user_26981a0a704745f48630049ad71c420a,16500,18300
user_26981a0a704745f48630049ad71c420a_12,user_26981a0a704745f48630049ad71c420a,18000,19800
user_26981a0a704745f48630049ad71c420a_13,user_26981a0a704745f48630049ad71c420a,19500,21300
user_26981a0a704745f48630049ad71c420a_14,user_26981a0a704745f48630049ad71c420a,21000,22800
user_26981a0a704745f48630049ad71c420a_15,user_26981a0a704745f48630049ad71c420a,22500,24300
user_26981a0a704745f48630049ad71c420a_16,user_26981a0a704745f48630049ad71c420a,24000,25800
user_26981a0a704745f48630049ad71c420a_17,user_26981a0a704745f48630049ad71c420a,25500,27300
user_26981a0a704745f48630049ad71c420a_18,user_26981a0a704745f48630049ad71c420a,27000,28800
user_26981a0a704745f48630049ad71c420a_19,user_26981a0a704745f48630049ad71c420a,28500,30300
user_26981a0a704745f48630049ad71c420a_20,user_26981a0a704745f48630049ad71c420a,30000,31800
user_26981a0a704745f48630049ad71c420a_21,user_26981a0a704745f48630049ad71c420a,31500,33300
user_26981a0a704745f48630049ad71c420a_22,user_26981a0a704745f48630049ad71c420a,33000,34800
user_26981a0a704745f48630049ad71c420a_23,user_26981a0a704745f48630049ad71c420a,34500,36300
user_26981a0a704745f48630049ad71c420a_24,user_26981a0a704745f48630049ad71c420a,36000,37800
user_26981a0a704745f48630049ad71c420a_25,user_26981a0a704745f48630049ad71c420a,37500,39300
user_26981a0a704745f48630049ad71c420a_26,user_26981a0a704745f48630049ad71c420a,39000,40800
user_26981a0a704745f48630049ad71c420a_27,user_26981a0a704745f48630049ad71c420a,40500,42300
user_26981a0a704745f48630049ad71c420a_28,user_26981a0a704745f48630049ad71c420a,42000,43800
user_26981a0a704745f48630049ad71c420a_29,user_26981a0a704745f48630049ad71c420a,43500,45300
user_26981a0a704745f48630049ad71c420a_30,user_26981a0a704745f48630049ad71c420a,45000,46800
user_26981a0a704745f48630049ad71c420a_31,user_26981a0a704745f48630049ad71c420a,46500,48300
user_26981a0a704745f48630049ad71c420a_32,user_26981a0a704745f48630049ad71c420a,48000,49800
user_26981a0a704745f48630049ad71c420a_33,user_26981a0a704745f48630049ad71c420a,49500,51300
user_26981a0a704745f48630049ad71c420a_34,user_26981a0a704745f48630049ad71c420a,51000,52800
user_26981a0a704745f48630049ad71c420a_35,user_26981a0a704745f48630049ad71c420a,52500,54300
user_26981a0a704745f48630049ad71c420a_36,user_26981a0a704745f48630049ad71c420a,54000,55800
user_26981a0a704745f48630049ad71c420a_37,user_26981a0a704745f48630049ad71c420a,55500,57300
user_26981a0a704745f48630049ad71c420a_38,user_26981a0a704745f48630049ad71c420a,57000,58800
user_26981a0a704745f48630049ad71c420a_39,user_26981a0a704745f48630049ad71c420a,58500,60300
user_26981a0a704745f48630049ad71c420a_40,user_26981a0a704745f48630049ad71c420a,60000,61800
user_26981a0a704745f48630049ad71c420a_41,user_26981a0a704745f48630049ad71c420a,61500,63300
user_26981a0a704745f48630049ad71c420a_42,user_26981a0a704745f48630049ad71c420a,63000,64800
user_26981a0a704745f48630049ad71c420a_43,user_26981a0a704745f48630049ad71c420a,64500,66300
user_26981a0a704745f48630049ad71c420a_44,user_26981a0a704745f48630049ad71c420a,66000,67800
user_26981a0a704745f48630049ad71c420a_45,user_26981a0a704745f48630049ad71c420a,67500,69300
user_26981a0a704745f48630049ad71c420a_46,user_26981a0a704745f48630049ad71c420a,69000,70800
user_26981a0a704745f48630049ad71c420a_47,user_26981a0a704745f48630049ad71c420a,70500,72300
user_26981a0a704745f48630049ad71c420a_48,user_26981a0a704745f48630049ad71c420a,72000,73800
user_26981a0a704745f48630049ad71c420a_49,user_26981a0a704745f48630049ad71c420a,73500,75300
user_26981a0a704745f48630049ad71c420a_50,user_26981a0a704745f48630049ad71c420a,75000,76800
user_26981a0a704745f48630049ad71c420a_51,user_26981a0a704745f48630049ad71c420a,76500,78300
user_26981a0a704745f48630049ad71c420a_52,user_26981a0a704745f48630049ad71c420a,78000,79800
user_26981a0a704745f48630049ad71c420a_53,user_26981a0a704745f48630049ad71c420a,79500,81300
user_26981a0a704745f48630049ad71c420a_54,user_26981a0a704745f48630049ad71c420a,81000,82800
user_26981a0a704745f48630049ad71c420a_55,user_26981a0a704745f48630049ad71c420a,82500,84300
user_26981a0a704745f48630049ad71c420a_56,user_26981a0a704745f48630049ad71c420a,84000,85800
user_26981a0a704745f48630049ad71c420a_57,user_26981a0a704745f48630049ad71c420a,85500,87300
user_26981a0a704745f48630049ad71c420a_58,user_26981a0a704745f48630049ad71c420a,87000,88800
user_26981a0a704745f48630049ad71c420a_59,user_26981a0a704745f48630049ad71c420a,88500,90300
user_26981a0a704745f48630049ad71c420a_60,user_26981a0a704745f48630049ad71c420a,90000,91800
user_26981a0a704745f48630049ad71c420a_61,user_26981a0a704745f48630049ad71c420a,91500,93300
user_26981a0a704745f48630049ad71c420a_62,user_26981a0a704745f48630049ad71c420a,93000,94800
user_26981a0a704745f48630049ad71c420a_63,user_26981a0a704745f48630049ad71c420a,94500,96300
user_26981a0a704745f48630049ad71c420a_64,user_26981a0a704745f48630049ad71c420a,96000,97800
user_26981a0a704745f48630049ad71c420a_65,user_26981a0a704745f48630049ad71c420a,97500,99300
user_26981a0a704745f48630049ad71c420a_66,user_26981a0a704745f48630049ad71c420a,99000,100800
user_26981a0a704745f48630049ad71c420a_67,user_26981a0a704745f48630049ad71c420a,100500,102300
user_26981a0a704745f48630049ad71c420a_68,user_26981a0a704745f48630049ad71c420a,102000,103800
user_26981a0a704745f48630049ad71c420a_69,user_26981a0a704745f48630049ad71c420a,103500,105300
user_26981a0a704745f48630049ad71c420a_70,user_26981a0a704745f48630049ad71c420a,105000,106800
user_26981a0a704745f48630049ad71c420a_71,user_26981a0a704745f48630049ad71c420a,106500,108300
user_26981a0a704745f48630049ad71c420a_72,user_26981a0a704745f48630049ad71c420a,108000,109800
user_26981a0a704745f48630049ad71c420a_73,user_26981a0a704745f48630049ad71c420a,109500,111300
user_26981a0a704745f48630049ad71c420a_74,user_26981a0a704745f48630049ad71c420a,111000,112800
user_26981a0a704745f48630049ad71c420a_75,user_26981a0a704745f48630049ad71c420a,112500,114300
user_26981a0a704745f48630049ad71c420a_76,user_26981a0a704745f48630049ad71c420a,114000,115800
user_26981a0a704745f48630049ad71c420a_77,user_26981a0a704745f48630049ad71c420a,115500,117300
user_26981a0a704745f48630049ad71c420a_78,user_26981a0a704745f48630049ad71c420a,117000,118800
user_26981a0a704745f48630049ad71c420a_79,user_26981a0a704745f48630049ad71c420a,118500,120300
user_26981a0a704745f48630049ad71c420a_80,user_26981a0a704745f48630049ad71c420a,120000,121800
user_26981a0a704745f48630049ad71c420a_81,user_26981a0a704745f48630049ad71c420a,121500,123300
user_26981a0a704745f48630049ad71c420a_82,user_26981a0a704745f48630049ad71c420a,123000,124800
user_26981a0a704745f48630049ad71c420a_83,user_26981a0a704745f48630049ad71c420a,124500,126300
user_26981a0a704745f48630049ad71c420a_84,user_26981a0a704745f48630049ad71c420a,126000,127800
user_26981a0a704745f48630049ad71c420a_85,user_26981a0a704745f48630049ad71c420a,127500,129300
user_26981a0a704745f48630049ad71c420a_86,user_26981a0a704745f48630049ad71c420a,129000,130800
user_26981a0a704745f48630049ad71c420a_87,user_26981a0a704745f48630049ad71c420a,130500,132300
user_26981a0a704745f48630049ad71c420a_88,user_26981a0a704745f48630049ad71c420a,132000,133800
user_26981a0a704745f48630049ad71c420a_89,user_26981a0a704745f48630049ad71c420a,133500,135300
user_26981a0a704745f48630049ad71c420a_90,user_26981a0a704745f48630049ad71c420a,135000,136800
user_26981a0a704745f48630049ad71c420a_91,user_26981a0a704745f48630049ad71c420a,136500,138300
user_26981a0a704745f48630049ad71c420a_92,user_26981a0a704745f48630049ad71c420a,138000,139800
user_26981a0a704745f48630049ad71c420a_93,user_26981a0a704745f48630049ad71c420a,139500,141300
user_26981a0a704745f48630049ad71c420a_94,user_26981a0a704745f48630049ad71c420a,141000,142800
user_26981a0a704745f48630049ad71c420a_95,user_26981a0a704745f48630049ad71c420a,142500,144300
user_26981a0a704745f48630049ad71c420a_96,user_26981a0a704745f48630049ad71c420a,144000,145800
user_26981a0a704745f48630049ad71c420a_97,user_26981a0a704745f48630049ad71c420a,145500,147300
user_26981a0a704745f48630049ad71c420a_98,user_26981a0a704745f48630049ad71c420a,147000,148800
user_26981a0a704745f48630049ad71c420a_99,user_26981a0a704745f48630049ad71c420a,148500,150300
user_26981a0a704745f48630049ad71c420a_100,user_26981a0a704745f48630049ad71c420a,150000,151800
user_26981a0a704745f48630049ad71c420a_101,user_26981a0a704745f48630049ad71c420a,151500,153300
user_26981a0a704745f48630049ad71c420a_102,user_26981a0a704745f48630049ad71c420a,153000,154800
user_26981a0a704745f48630049ad71c420a_103,user_26981a0a704745f48630049ad71c420a,154500,156300
user_26981a0a704745f48630049ad71c420a_104,user_26981a0a704745f48630049ad71c420a,156000,157800
user_26981a0a704745f48630049ad71c420a_105,user_26981a0a704745f48630049ad71c420a,157500,159300
user_26981a0a704745f48630049ad71c420a_106,user_26981a0a704745f48630049ad71c420a,159000,160800
user_26981a0a704745f48630049ad71c420a_107,user_26981a0a704745f48630049ad71c420a,160500,162300
user_26981a0a704745f48630049ad71c420a_108,user_26981a0a704745f48630049ad71c420a,162000,163800
user_26981a0a704745f48630049ad71c420a_109,user_26981a0a704745f48630049ad71c420a,163500,165300
user_26981a0a704745f48630049ad71c420a_110,user_26981a0a704745f48630049ad71c420a,165000,166800
user_26981a0a704745f48630049ad71c420a_111,user_26981a0a704745f48630049ad71c420a,166500,168300
user_26981a0a704745f48630049ad71c420a_112,user_26981a0a704745f48630049ad71c420a,168000,169634
user_7b6465afcc474fa49f28dcc6e9171a94_0,user_7b6465afcc474fa49f28dcc6e9171a94,0,1800
user_7b6465afcc474fa49f28dcc6e9171a94_1,user_7b6465afcc474fa49f28dcc6e9171a94,1500,3300
user_7b6465afcc474fa49f28dcc6e9171a94_2,user_7b6465afcc474fa49f28dcc6e9171a94,3000,4800
user_7b6465afcc474fa49f28dcc6e9171a94_3,user_7b6465afcc474fa49f28dcc6e9171a94,4500,6300
user_7b6465afcc474fa49f28dcc6e9171a94_4,user_7b6465afcc474fa49f28dcc6e9171a94,6000,7800
user_7b6465afcc474fa49f28dcc6e9171a94_5,user_7b6465afcc474fa49f28dcc6e9171a94,7500,9300
user_7b6465afcc474fa49f28dcc6e9171a94_6,user_7b6465afcc474fa49f28dcc6e9171a94,9000,10800
user_7b6465afcc474fa49f28dcc6e9171a94_7,user_7b6465afcc474fa49f28dcc6e9171a94,10500,12300
user_7b6465afcc474fa49f28dcc6e9171a94_8,user_7b6465afcc474fa49f28dcc6e9171a94,12000,13800
user_7b6465afcc474fa49f28dcc6e9171a94_9,user_7b6465afcc474fa49f28dcc6e9171a94,13500,15300
user_7b6465afcc474fa49f28dcc6e9171a94_10,user_7b6465afcc474fa49f28dcc6e9171a94,15000,16800
user_7b6465afcc474fa49f28dcc6e9171a94_11,user_7b6465afcc474fa49f28dcc6e9171a94,16500,18300
user_7b6465afcc474fa49f28dcc6e9171a94_12,user_7b6465afcc474fa49f28dcc6e9171a94,18000,19800
user_7b6465afcc474fa49f28dcc6e9171a94_13,user_7b6465afcc474fa49f28dcc6e9171a94,19500,21300
user_7b6465afcc474fa49f28dcc6e9171a94_14,user_7b6465afcc474fa49f28dcc6e9171a94,21000,22800
user_7b6465afcc474fa49f28dcc6e9171a94_15,user_7b6465afcc474fa49f28dcc6e9171a94,22500,24300
user_7b6465afcc474fa49f28dcc6e9171a94_16,user_7b6465afcc474fa49f28dcc6e9171a94,24000,25800
user_7b6465afcc474fa49f28dcc6e9171a94_17,user_7b6465afcc474fa49f28dcc6e9171a94,25500,27300
user_7b6465afcc474fa49f28dcc6e9171a94_18,user_7b6465afcc474fa49f28dcc6e9171a94,27000,28800
user_7b6465afcc474fa49f28dcc6e9171a94_19,user_7b6465afcc474fa49f28dcc6e9171a94,28500,30300
user_7b6465afcc474fa49f28dcc6e9171a94_20,user_7b6465afcc474fa49f28dcc6e9171a94,30000,31800
user_7b6465afcc474fa49f28dcc6e9171a94_21,user_7b6465afcc474fa49f28dcc6e9171a94,31500,33300
user_7b6465afcc474fa49f28dcc6e9171a94_22,user_7b6465afcc474fa49f28dcc6e9171a94,33000,34800
user_7b6465afcc474fa49f28dcc6e9171a94_23,user_7b6465afcc474fa49f28dcc6e9171a94,34500,36300
user_7b6465afcc474fa49f28dcc6e9171a94_24,user_7b6465afcc474fa49f28dcc6e9171a94,36000,37800
user_7b6465afcc474fa49f28dcc6e9171a94_25,user_7b6465afcc474fa49f28dcc6e9171a94,37500,39300
user_7b6465afcc474fa49f28dcc6e9171a94_26,user_7b6465afcc474fa49f28dcc6e9171a94,39000,40800
user_7b6465afcc474fa49f28dcc6e9171a94_27,user_7b6465afcc474fa49f28dcc6e9171a94,40500,42300
user_7b6465afcc474fa49f28dcc6e9171a94_28,user_7b6465afcc474fa49f28dcc6e9171a94,42000,43800
user_7b6465afcc474fa49f28dcc6e9171a94_29,user_7b6465afcc474fa49f28dcc6e9171a94,43500,45300
user_7b6465afcc474fa49f28dcc6e9171a94_30,user_7b6465afcc474fa49f28dcc6e9171a94,45000,46800
user_7b6465afcc474fa49f28dcc6e9171a94_31,user_7b6465afcc474fa49f28dcc6e9171a94,46500,48300
user_7b6465afcc474fa49f28dcc6e9171a94_32,user_7b6465afcc474fa49f28dcc6e9171a94,48000,49800
user_7b6465afcc474fa49f28dcc6e9171a94_33,user_7b6465afcc474fa49f28dcc6e9171a94,49500,51300
user_7b6465afcc474fa49f28dcc6e9171a94_34,user_7b6465afcc474fa49f28dcc6e9171a94,51000,52800
user_7b6465afcc474fa49f28dcc6e9171a94_35,user_7b6465afcc474fa49f28dcc6e9171a94,52500,54300
user_7b6465afcc474fa49f28dcc6e9171a94_36,user_7b6465afcc474fa49f28dcc6e9171a94,54000,55800
user_7b6465afcc474fa49f28dcc6e9171a94_37,user_7b6465afcc474fa49f28dcc6e9171a94,55500,57300
user_7b6465afcc474fa49f28dcc6e9171a94_38,user_7b6465afcc474fa49f28dcc6e9171a94,57000,58800
user_7b6465afcc474fa49f28dcc6e9171a94_39,user_7b6465afcc474fa49f28dcc6e9171a94,58500,60300
user_7b6465afcc474fa49f28dcc6e9171a94_40,user_7b6465afcc474fa49f28dcc6e9171a94,60000,61800
user_7b6465afcc474fa49f28dcc6e9171a94_41,user_7b6465afcc474fa49f28dcc6e9171a94,61500,63300
user_7b6465afcc474fa49f28dcc6e9171a94_42,user_7b6465afcc474fa49f28dcc6e9171a94,63000,64800
user_7b6465afcc474fa49f28dcc6e9171a94_43,user_7b6465afcc474fa49f28dcc6e9171a94,64500,66300
user_7b6465afcc474fa49f28dcc6e9171a94_44,user_7b6465afcc474fa49f28dcc6e9171a94,66000,67800
user_7b6465afcc474fa49f28dcc6e9171a94_45,user_7b6465afcc474fa49f28dcc6e9171a94,67500,69300
user_7b6465afcc474fa49f28dcc6e9171a94_46,user_7b6465afcc474fa49f28dcc6e9171a94,69000,70800
user_7b6465afcc474fa49f28dcc6e9171a94_47,user_7b6465afcc474fa49f28dcc6e9171a94,70500,72300
user_7b6465afcc474fa49f28dcc6e9171a94_48,user_7b6465afcc474fa49f28dcc6e9171a94,72000,73800
user_7b6465afcc474fa49f28dcc6e9171a94_49,user_7b6465afcc474fa49f28dcc6e9171a94,73500,75300
user_7b6465afcc474fa49f28dcc6e9171a94_50,user_7b6465afcc474fa49f28dcc6e9171a94,75000,76800
user_7b6465afcc474fa49f28dcc6e9171a94_51,user_7b6465afcc474fa49f28dcc6e9171a94,76500,78300
user_7b6465afcc474fa49f28dcc6e9171a94_52,user_7b6465afcc474fa49f28dcc6e9171a94,78000,79800
user_7b6465afcc474fa49f28dcc6e9171a94_53,user_7b6465afcc474fa49f28dcc6e9171a94,79500,81300
user_7b6465afcc474fa49f28dcc6e9171a94_54,user_7b6465afcc474fa49f28dcc6e9171a94,81000,82800
user_7b6465afcc474fa49f28dcc6e9171a94_55,user_7b6465afcc474fa49f28dcc6e9171a94,82500,84300
user_7b6465afcc474fa49f28dcc6e9171a94_56,user_7b6465afcc474fa49f28dcc6e9171a94,84000,85800
user_7b6465afcc474fa49f28dcc6e9171a94_57,user_7b6465afcc474fa49f28dcc6e9171a94,85500,87300
user_7b6465afcc474fa49f28dcc6e9171a94_58,user_7b6465afcc474fa49f28dcc6e9171a94,87000,88800
user_7b6465afcc474fa49f28dcc6e9171a94_59,user_7b6465afcc474fa49f28dcc6e9171a94,88500,90300
user_7b6465afcc474fa49f28dcc6e9171a94_60,user_7b6465afcc474fa49f28dcc6e9171a94,90000,91800
user_7b6465afcc474fa49f28dcc6e9171a94_61,user_7b6465afcc474fa49f28dcc6e9171a94,91500,93300
user_7b6465afcc474fa49f28dcc6e9171a94_62,user_7b6465afcc474fa49f28dcc6e9171a94,93000,94800
user_7b6465afcc474fa49f28dcc6e9171a94_63,user_7b6465afcc474fa49f28dcc6e9171a94,94500,96300
user_7b6465afcc474fa49f28dcc6e9171a94_64,user_7b6465afcc474fa49f28dcc6e9171a94,96000,97800
user_7b6465afcc474fa49f28dcc6e9171a94_65,user_7b6465afcc474fa49f28dcc6e9171a94,97500,99300
user_7b6465afcc474fa49f28dcc6e9171a94_66,user_7b6465afcc474fa49f28dcc6e9171a94,99000,100800
user_7b6465afcc474fa49f28dcc6e9171a94_67,user_7b6465afcc474fa49f28dcc6e9171a94,100500,102300
user_7b6465afcc474fa49f28dcc6e9171a94_68,user_7b6465afcc474fa49f28dcc6e9171a94,102000,103800
user_7b6465afcc474fa49f28dcc6e9171a94_69,user_7b6465afcc474fa49f28dcc6e9171a94,103500,105300
user_7b6465afcc474fa49f28dcc6e9171a94_70,user_7b6465afcc474fa49f28dcc6e9171a94,105000,106800
user_7b6465afcc474fa49f28dcc6e9171a94_71,user_7b6465afcc474fa49f28dcc6e9171a94,106500,108300
user_7b6465afcc474fa49f28dcc6e9171a94_72,user_7b6465afcc474fa49f28dcc6e9171a94,108000,109800
user_7b6465afcc474fa49f28dcc6e9171a94_73,user_7b6465afcc474fa49f28dcc6e9171a94,109500,111300
user_7b6465afcc474fa49f28dcc6e9171a94_74,user_7b6465afcc474fa49f28dcc6e9171a94,111000,112800
user_7b6465afcc474fa49f28dcc6e9171a94_75,user_7b6465afcc474fa49f28dcc6e9171a94,112500,114300
user_7b6465afcc474fa49f28dcc6e9171a94_76,user_7b6465afcc474fa49f28dcc6e9171a94,114000,115800
user_7b6465afcc474fa49f28dcc6e9171a94_77,user_7b6465afcc474fa49f28dcc6e9171a94,115500,117300
user_7b6465afcc474fa49f28dcc6e9171a94_78,user_7b6465afcc474fa49f28dcc6e9171a94,117000,118800
user_7b6465afcc474fa49f28dcc6e9171a94_79,user_7b6465afcc474fa49f28dcc6e9171a94,118500,120300
user_7b6465afcc474fa49f28dcc6e9171a94_80,user_7b6465afcc474fa49f28dcc6e9171a94,120000,121800
user_7b6465afcc474fa49f28dcc6e9171a94_81,user_7b6465afcc474fa49f28dcc6e9171a94,121500,123300
user_7b6465afcc474fa49f28dcc6e9171a94_82,user_7b6465afcc474fa49f28dcc6e9171a94,123000,124800
user_7b6465afcc474fa49f28dcc6e9171a94_83,user_7b6465afcc474fa49f28dcc6e9171a94,124500,126300
user_7b6465afcc474fa49f28dcc6e9171a94_84,user_7b6465afcc474fa49f28dcc6e9171a94,126000,127800
user_7b6465afcc474fa49f28dcc6e9171a94_85,user_7b6465afcc474fa49f28dcc6e9171a94,127500,129300
user_7b6465afcc474fa49f28dcc6e9171a94_86,user_7b6465afcc474fa49f28dcc6e9171a94,129000,130800
user_7b6465afcc474fa49f28dcc6e9171a94_87,user_7b6465afcc474fa49f28dcc6e9171a94,130500,132300
user_7b6465afcc474fa49f28dcc6e9171a94_88,user_7b6465afcc474fa49f28dcc6e9171a94,132000,133800
user_7b6465afcc474fa49f28dcc6e9171a94_89,user_7b6465afcc474fa49f28dcc6e9171a94,133500,135300
user_7b6465afcc474fa49f28dcc6e9171a94_90,user_7b6465afcc474fa49f28dcc6e9171a94,135000,136800
user_7b6465afcc474fa49f28dcc6e9171a94_91,user_7b6465afcc474fa49f28dcc6e9171a94,136500,138300
user_7b6465afcc474fa49f28dcc6e9171a94_92,user_7b6465afcc474fa49f28dcc6e9171a94,138000,139800
user_7b6465afcc474fa49f28dcc6e9171a94_93,user_7b6465afcc474fa49f28dcc6e9171a94,139500,141300
user_7b6465afcc474fa49f28dcc6e9171a94_94,user_7b6465afcc474fa49f28dcc6e9171a94,141000,142800
user_7b6465afcc474fa49f28dcc6e9171a94_95,user_7b6465afcc474fa49f28dcc6e9171a94,142500,144300
user_7b6465afcc474fa49f28dcc6e9171a94_96,user_7b6465afcc474fa49f28dcc6e9171a94,144000,145800
user_7b6465afcc474fa49f28dcc6e9171a94_97,user_7b6465afcc474fa49f28dcc6e9171a94,145500,147300
user_7b6465afcc474fa49f28dcc6e9171a94_98,user_7b6465afcc474fa49f28dcc6e9171a94,147000,148800
user_7b6465afcc474fa49f28dcc6e9171a94_99,user_7b6465afcc474fa49f28dcc6e9171a94,148500,150300
user_7b6465afcc474fa49f28dcc6e9171a94_100,user_7b6465afcc474fa49f28dcc6e9171a94,150000,151800
user_7b6465afcc474fa49f28dcc6e9171a94_101,user_7b6465afcc474fa49f28dcc6e9171a94,151500,153300
user_7b6465afcc474fa49f28dcc6e9171a94_102,user_7b6465afcc474fa49f28dcc6e9171a94,153000,154800
user_7b6465afcc474fa49f28dcc6e9171a94_103,user_7b6465afcc474fa49f28dcc6e9171a94,154500,156300
user_7b6465afcc474fa49f28dcc6e9171a94_104,user_7b6465afcc474fa49f28dcc6e9171a94,156000,157800
user_7b6465afcc474fa49f28dcc6e9171a94_105,user_7b6465afcc474fa49f28dcc6e9171a94,157500,159300
user_7b6465afcc474fa49f28dcc6e9171a94_106,user_7b6465afcc474fa49f28dcc6e9171a94,159000,160800
user_7b6465afcc474fa49f28dcc6e9171a94_107,user_7b6465afcc474fa49f28dcc6e9171a94,160500,162300
user_7b6465afcc474fa49f28dcc6e9171a94_108,user_7b6465afcc474fa49f28dcc6e9171a94,162000,163800
user_7b6465afcc474fa49f28dcc6e9171a94_109,user_7b6465afcc474fa49f28dcc6e9171a94,163500,165300
user_7b6465afcc474fa49f28dcc6e9171a94_110,user_7b6465afcc474fa49f28dcc6e9171a94,165000,166800
user_7b6465afcc474fa49f28dcc6e9171a94_111,user_7b6465afcc474fa49f28dcc6e9171a94,166500,168300
user_7b6465afcc474fa49f28dcc6e9171a94_112,user_7b6465afcc474fa49f28dcc6e9171a94,168000,169634
user_8c080548768d4818831da8ddf009e127_0,user_8c080548768d4818831da8ddf009e127,0,1800
user_8c080548768d4818831da8ddf009e127_1,user_8c080548768d4818831da8ddf009e127,1500,3300
user_8c080548768d4818831da8ddf009e127_2,user_8c080548768d4818831da8ddf009e127,3000,4800
user_8c080548768d4818831da8ddf009e127_3,user_8c080548768d4818831da8ddf009e127,4500,6300
user_8c080548768d4818831da8ddf009e127_4,user_8c080548768d4818831da8ddf009e127,6000,7800
user_8c080548768d4818831da8ddf009e127_5,user_8c080548768d4818831da8ddf009e127,7500,9300
user_8c080548768d4818831da8ddf009e127_6,user_8c080548768d4818831da8ddf009e127,9000,10800
user_8c080548768d4818831da8ddf009e127_7,user_8c080548768d4818831da8ddf009e127,10500,12300
user_8c080548768d4818831da8ddf009e127_8,user_8c080548768d4818831da8ddf009e127,12000,13800
user_8c080548768d4818831da8ddf009e127_9,user_8c080548768d4818831da8ddf009e127,13500,15300
user_8c080548768d4818831da8ddf009e127_10,user_8c080548768d4818831da8ddf009e127,15000,16800
user_8c080548768d4818831da8ddf009e127_11,user_8c080548768d4818831da8ddf009e127,16500,18300
user_8c080548768d4818831da8ddf009e127_12,user_8c080548768d4818831da8ddf009e127,18000,19800
user_8c080548768d4818831da8ddf009e127_13,user_8c080548768d4818831da8ddf009e127,19500,21300
user_8c080548768d4818831da8ddf009e127_14,user_8c080548768d4818831da8ddf009e127,21000,22800
user_8c080548768d4818831da8ddf009e127_15,user_8c080548768d4818831da8ddf009e127,22500,24300
user_8c080548768d4818831da8ddf009e127_16,user_8c080548768d4818831da8ddf009e127,24000,25800
user_8c080548768d4818831da8ddf009e127_17,user_8c080548768d4818831da8ddf009e127,25500,27300
user_8c080548768d4818831da8ddf009e127_18,user_8c080548768d4818831da8ddf009e127,27000,28800
user_8c080548768d4818831da8ddf009e127_19,user_8c080548768d4818831da8ddf009e127,28500,30300
user_8c080548768d4818831da8ddf009e127_20,user_8c080548768d4818831da8ddf009e127,30000,31800
user_8c080548768d4818831da8ddf009e127_21,user_8c080548768d4818831da8ddf009e127,31500,33300
user_8c080548768d4818831da8ddf009e127_22,user_8c080548768d4818831da8ddf009e127,33000,34800
user_8c080548768d4818831da8ddf009e127_23,user_8c080548768d4818831da8ddf009e127,34500,36300
user_8c080548768d4818831da8ddf009e127_24,user_8c080548768d4818831da8ddf009e127,36000,37800
user_8c080548768d4818831da8ddf009e127_25,user_8c080548768d4818831da8ddf009e127,37500,39300
user_8c080548768d4818831da8ddf009e127_26,user_8c080548768d4818831da8ddf009e127,39000,40800
user_8c080548768d4818831da8ddf009e127_27,user_8c080548768d4818831da8ddf009e127,40500,42300
user_8c080548768d4818831da8ddf009e127_28,user_8c080548768d4818831da8ddf009e127,42000,43800
user_8c080548768d4818831da8ddf009e127_29,user_8c080548768d4818831da8ddf009e127,43500,45300
user_8c080548768d4818831da8ddf009e127_30,user_8c080548768d4818831da8ddf009e127,45000,46800
user_8c080548768d4818831da8ddf009e127_31,user_8c080548768d4818831da8ddf009e127,46500,48300
user_8c080548768d4818831da8ddf009e127_32,user_8c080548768d4818831da8ddf009e127,48000,49800
user_8c080548768d4818831da8ddf009e127_33,user_8c080548768d4818831da8ddf009e127,49500,51300
user_8c080548768d4818831da8ddf009e127_34,user_8c080548768d4818831da8ddf009e127,51000,52800
user_8c080548768d4818831da8ddf009e127_35,user_8c080548768d4818831da8ddf009e127,52500,54300
user_8c080548768d4818831da8ddf009e127_36,user_8c080548768d4818831da8ddf009e127,54000,55800
user_8c080548768d4818831da8ddf009e127_37,user_8c080548768d4818831da8ddf009e127,55500,57300
user_8c080548768d4818831da8ddf009e127_38,user_8c080548768d4818831da8ddf009e127,57000,58800
user_8c080548768d4818831da8ddf009e127_39,user_8c080548768d4818831da8ddf009e127,58500,60300
user_8c080548768d4818831da8ddf009e127_40,user_8c080548768d4818831da8ddf009e127,60000,61800
user_8c080548768d4818831da8ddf009e127_41,user_8c080548768d4818831da8ddf009e127,61500,63300
user_8c080548768d4818831da8ddf009e127_42,user_8c080548768d4818831da8ddf009e127,63000,64800
user_8c080548768d4818831da8ddf009e127_43,user_8c080548768d4818831da8ddf009e127,64500,66300
user_8c080548768d4818831da8ddf009e127_44,user_8c080548768d4818831da8ddf009e127,66000,67800
user_8c080548768d4818831da8ddf009e127_45,user_8c080548768d4818831da8ddf009e127,67500,69300
user_8c080548768d4818831da8ddf009e127_46,user_8c080548768d4818831da8ddf009e127,69000,70800
user_8c080548768d4818831da8ddf009e127_47,user_8c080548768d4818831da8ddf009e127,70500,72300
user_8c080548768d4818831da8ddf009e127_48,user_8c080548768d4818831da8ddf009e127,72000,73800
user_8c080548768d4818831da8ddf009e127_49,user_8c080548768d4818831da8ddf009e127,73500,75300
user_8c080548768d4818831da8ddf009e127_50,user_8c080548768d4818831da8ddf009e127,75000,76800
user_8c080548768d4818831da8ddf009e127_51,user_8c080548768d4818831da8ddf009e127,76500,78300
user_8c080548768d4818831da8ddf009e127_52,user_8c080548768d4818831da8ddf009e127,78000,79800
user_8c080548768d4818831da8ddf009e127_53,user_8c080548768d4818831da8ddf009e127,79500,81300
user_8c080548768d4818831da8ddf009e127_54,user_8c080548768d4818831da8ddf009e127,81000,82800
user_8c080548768d4818831da8ddf009e127_55,user_8c080548768d4818831da8ddf009e127,82500,84300
user_8c080548768d4818831da8ddf009e127_56,user_8c080548768d4818831da8ddf009e127,84000,85800
user_8c080548768d4818831da8ddf009e127_57,user_8c080548768d4818831da8ddf009e127,85500,87300
user_8c080548768d4818831da8ddf009e127_58,user_8c080548768d4818831da8ddf009e127,87000,88800
user_8c080548768d4818831da8ddf009e127_59,user_8c080548768d4818831da8ddf009e127,88500,90300
user_8c080548768d4818831da8ddf009e127_60,user_8c080548768d4818831da8ddf009e127,90000,91800
user_8c080548768d4818831da8ddf009e127_61,user_8c080548768d4818831da8ddf009e127,91500,93300
user_8c080548768d4818831da8ddf009e127_62,user_8c080548768d4818831da8ddf009e127,93000,94800
user_8c080548768d4818831da8ddf009e127_63,user_8c080548768d4818831da8ddf009e127,94500,96300
user_8c080548768d4818831da8ddf009e127_64,user_8c080548768d4818831da8ddf009e127,96000,97800
user_8c080548768d4818831da8ddf009e127_65,user_8c080548768d4818831da8ddf009e127,97500,99300
user_8c080548768d4818831da8ddf009e127_66,user_8c080548768d4818831da8ddf009e127,99000,100800
user_8c080548768d4818831da8ddf009e127_67,user_8c080548768d4818831da8ddf009e127,100500,102300
user_8c080548768d4818831da8ddf009e127_68,user_8c080548768d4818831da8ddf009e127,102000,103800
user_8c080548768d4818831da8ddf009e127_69,user_8c080548768d4818831da8ddf009e127,103500,105300
user_8c080548768d4818831da8ddf009e127_70,user_8c080548768d4818831da8ddf009e127,105000,106800
user_8c080548768d4818831da8ddf009e127_71,user_8c080548768d4818831da8ddf009e127,106500,108300
user_8c080548768d4818831da8ddf009e127_72,user_8c080548768d4818831da8ddf009e127,108000,109800
user_8c080548768d4818831da8ddf009e127_73,user_8c080548768d4818831da8ddf009e127,109500,111300
user_8c080548768d4818831da8ddf009e127_74,user_8c080548768d4818831da8ddf009e127,111000,112800
user_8c080548768d4818831da8ddf009e127_75,user_8c080548768d4818831da8ddf009e127,112500,114300
user_8c080548768d4818831da8ddf009e127_76,user_8c080548768d4818831da8ddf009e127,114000,115800
user_8c080548768d4818831da8ddf009e127_77,user_8c080548768d4818831da8ddf009e127,115500,117300
user_8c080548768d4818831da8ddf009e127_78,user_8c080548768d4818831da8ddf009e127,117000,118800
user_8c080548768d4818831da8ddf009e127_79,user_8c080548768d4818831da8ddf009e127,118500,120300
user_8c080548768d4818831da8ddf009e127_80,user_8c080548768d4818831da8ddf009e127,120000,121800
user_8c080548768d4818831da8ddf009e127_81,user_8c080548768d4818831da8ddf009e127,121500,123300
user_8c080548768d4818831da8ddf009e127_82,user_8c080548768d4818831da8ddf009e127,123000,124800
user_8c080548768d4818831da8ddf009e127_83,user_8c080548768d4818831da8ddf009e127,124500,126300
user_8c080548768d4818831da8ddf009e127_84,user_8c080548768d4818831da8ddf009e127,126000,127800
user_8c080548768d4818831da8ddf009e127_85,user_8c080548768d4818831da8ddf009e127,127500,129300
user_8c080548768d4818831da8ddf009e127_86,user_8c080548768d4818831da8ddf009e127,129000,130800
user_8c080548768d4818831da8ddf009e127_87,user_8c080548768d4818831da8ddf009e127,130500,132300
user_8c080548768d4818831da8ddf009e127_88,user_8c080548768d4818831da8ddf009e127,132000,133800
user_8c080548768d4818831da8ddf009e127_89,user_8c080548768d4818831da8ddf009e127,133500,135300
user_8c080548768d4818831da8ddf009e127_90,user_8c080548768d4818831da8ddf009e127,135000,136800
user_8c080548768d4818831da8ddf009e127_91,user_8c080548768d4818831da8ddf009e127,136500,138300
user_8c080548768d4818831da8ddf009e127_92,user_8c080548768d4818831da8ddf009e127,138000,139800
user_8c080548768d4818831da8ddf009e127_93,user_8c080548768d4818831da8ddf009e127,139500,141300
user_8c080548768d4818831da8ddf009e127_94,user_8c080548768d4818831da8ddf009e127,141000,142800
user_8c080548768d4818831da8ddf009e127_95,user_8c080548768d4818831da8ddf009e127,142500,144300
user_8c080548768d4818831da8ddf009e127_96,user_8c080548768d4818831da8ddf009e127,144000,145800
user_8c080548768d4818831da8ddf009e127_97,user_8c080548768d4818831da8ddf009e127,145500,147300
user_8c080548768d4818831da8ddf009e127_98,user_8c080548768d4818831da8ddf009e127,147000,148800
user_8c080548768d4818831da8ddf009e127_99,user_8c080548768d4818831da8ddf009e127,148500,150300
user_8c080548768d4818831da8ddf009e127_100,user_8c080548768d4818831da8ddf009e127,150000,151800
user_8c080548768d4818831da8ddf009e127_101,user_8c080548768d4818831da8ddf009e127,151500,153300
user_8c080548768d4818831da8ddf009e127_102,user_8c080548768d4818831da8ddf009e127,153000,154800
user_8c080548768d4818831da8ddf009e127_103,user_8c080548768d4818831da8ddf009e127,154500,156300
user_8c080548768d4818831da8ddf009e127_104,user_8c080548768d4818831da8ddf009e127,156000,157800
user_8c080548768d4818831da8ddf009e127_105,user_8c080548768d4818831da8ddf009e127,157500,159300
user_8c080548768d4818831da8ddf009e127_106,user_8c080548768d4818831da8ddf009e127,159000,160800
user_8c080548768d4818831da8ddf009e127_107,user_8c080548768d4818831da8ddf009e127,160500,162300
user_8c080548768d4818831da8ddf009e127_108,user_8c080548768d4818831da8ddf009e127,162000,163800
user_8c080548768d4818831da8ddf009e127_109,user_8c080548768d4818831da8ddf009e127,163500,165300
user_8c080548768d4818831da8ddf009e127_110,user_8c080548768d4818831da8ddf009e127,165000,166800
user_8c080548768d4818831da8ddf009e127_111,user_8c080548768d4818831da8ddf009e127,166500,168300
user_8c080548768d4818831da8ddf009e127_112,user_8c080548768d4818831da8ddf009e127,168000,169634
user_ad664471052541a1a36218409a2d99c0_0,user_ad664471052541a1a36218409a2d99c0,0,1800
user_ad664471052541a1a36218409a2d99c0_1,user_ad664471052541a1a36218409a2d99c0,1500,3300
user_ad664471052541a1a36218409a2d99c0_2,user_ad664471052541a1a36218409a2d99c0,3000,4800
user_ad664471052541a1a36218409a2d99c0_3,user_ad664471052541a1a36218409a2d99c0,4500,6300
user_ad664471052541a1a36218409a2d99c0_4,user_ad664471052541a1a36218409a2d99c0,6000,7800
user_ad664471052541a1a36218409a2d99c0_5,user_ad664471052541a1a36218409a2d99c0,7500,9300
user_ad664471052541a1a36218409a2d99c0_6,user_ad664471052541a1a36218409a2d99c0,9000,10800
user_ad664471052541a1a36218409a2d99c0_7,user_ad664471052541a1a36218409a2d99c0,10500,12300
user_ad664471052541a1a36218409a2d99c0_8,user_ad664471052541a1a36218409a2d99c0,12000,13800
user_ad664471052541a1a36218409a2d99c0_9,user_ad664471052541a1a36218409a2d99c0,13500,15300
user_ad664471052541a1a36218409a2d99c0_10,user_ad664471052541a1a36218409a2d99c0,15000,16800
user_ad664471052541a1a36218409a2d99c0_11,user_ad664471052541a1a36218409a2d99c0,16500,18300
user_ad664471052541a1a36218409a2d99c0_12,user_ad664471052541a1a36218409a2d99c0,18000,19800
user_ad664471052541a1a36218409a2d99c0_13,user_ad664471052541a1a36218409a2d99c0,19500,21300
user_ad664471052541a1a36218409a2d99c0_14,user_ad664471052541a1a36218409a2d99c0,21000,22800
user_ad664471052541a1a36218409a2d99c0_15,user_ad664471052541a1a36218409a2d99c0,22500,24300
user_ad664471052541a1a36218409a2d99c0_16,user_ad664471052541a1a36218409a2d99c0,24000,25800
user_ad664471052541a1a36218409a2d99c0_17,user_ad664471052541a1a36218409a2d99c0,25500,27300
user_ad664471052541a1a36218409a2d99c0_18,user_ad664471052541a1a36218409a2d99c0,27000,28800
user_ad664471052541a1a36218409a2d99c0_19,user_ad664471052541a1a36218409a2d99c0,28500,30300
user_ad664471052541a1a36218409a2d99c0_20,user_ad664471052541a1a36218409a2d99c0,30000,31800
user_ad664471052541a1a36218409a2d99c0_21,user_ad664471052541a1a36218409a2d99c0,31500,33300
user_ad664471052541a1a36218409a2d99c0_22,user_ad664471052541a1a36218409a2d99c0,33000,34800
user_ad664471052541a1a36218409a2d99c0_23,user_ad664471052541a1a36218409a2d99c0,34500,36300
user_ad664471052541a1a36218409a2d99c0_24,user_ad664471052541a1a36218409a2d99c0,36000,37800
user_ad664471052541a1a36218409a2d99c0_25,user_ad664471052541a1a36218409a2d99c0,37500,39300
user_ad664471052541a1a36218409a2d99c0_26,user_ad664471052541a1a36218409a2d99c0,39000,40800
user_ad664471052541a1a36218409a2d99c0_27,user_ad664471052541a1a36218409a2d99c0,40500,42300
user_ad664471052541a1a36218409a2d99c0_28,user_ad664471052541a1a36218409a2d99c0,42000,43800
user_ad664471052541a1a36218409a2d99c0_29,user_ad664471052541a1a36218409a2d99c0,43500,45300
user_ad664471052541a1a36218409a2d99c0_30,user_ad664471052541a1a36218409a2d99c0,45000,46800
user_ad664471052541a1a36218409a2d99c0_31,user_ad664471052541a1a36218409a2d99c0,46500,48300
user_ad664471052541a1a36218409a2d99c0_32,user_ad664471052541a1a36218409a2d99c0,48000,49800
user_ad664471052541a1a36218409a2d99c0_33,user_ad664471052541a1a36218409a2d99c0,49500,51300
user_ad664471052541a1a36218409a2d99c0_34,user_ad664471052541a1a36218409a2d99c0,51000,52800
user_ad664471052541a1a36218409a2d99c0_35,user_ad664471052541a1a36218409a2d99c0,52500,54300
user_ad664471052541a1a36218409a2d99c0_36,user_ad664471052541a1a36218409a2d99c0,54000,55800
user_ad664471052541a1a36218409a2d99c0_37,user_ad664471052541a1a36218409a2d99c0,55500,57300
user_ad664471052541a1a36218409a2d99c0_38,user_ad664471052541a1a36218409a2d99c0,57000,58800
user_ad664471052541a1a36218409a2d99c0_39,user_ad664471052541a1a36218409a2d99c0,58500,60300
user_ad664471052541a1a36218409a2d99c0_40,user_ad664471052541a1a36218409a2d99c0,60000,61800
user_ad664471052541a1a36218409a2d99c0_41,user_ad664471052541a1a36218409a2d99c0,61500,63300
user_ad664471052541a1a36218409a2d99c0_42,user_ad664471052541a1a36218409a2d99c0,63000,64800
user_ad664471052541a1a36218409a2d99c0_43,user_ad664471052541a1a36218409a2d99c0,64500,66300
user_ad664471052541a1a36218409a2d99c0_44,user_ad664471052541a1a36218409a2d99c0,66000,67800
user_ad664471052541a1a36218409a2d99c0_45,user_ad664471052541a1a36218409a2d99c0,67500,69300
user_ad664471052541a1a36218409a2d99c0_46,user_ad664471052541a1a36218409a2d99c0,69000,70800
user_ad664471052541a1a36218409a2d99c0_47,user_ad664471052541a1a36218409a2d99c0,70500,72300
user_ad664471052541a1a36218409a2d99c0_48,user_ad664471052541a1a36218409a2d99c0,72000,73800
user_ad664471052541a1a36218409a2d99c0_49,user_ad664471052541a1a36218409a2d99c0,73500,75300
user_ad664471052541a1a36218409a2d99c0_50,user_ad664471052541a1a36218409a2d99c0,75000,76800
user_ad664471052541a1a36218409a2d99c0_51,user_ad664471052541a1a36218409a2d99c0,76500,78300
user_ad664471052541a1a36218409a2d99c0_52,user_ad664471052541a1a36218409a2d99c0,78000,79800
user_ad664471052541a1a36218409a2d99c0_53,user_ad664471052541a1a36218409a2d99c0,79500,81300
user_ad664471052541a1a36218409a2d99c0_54,user_ad664471052541a1a36218409a2d99c0,81000,82800
user_ad664471052541a1a36218409a2d99c0_55,user_ad664471052541a1a36218409a2d99c0,82500,84300
user_ad664471052541a1a36218409a2d99c0_56,user_ad664471052541a1a36218409a2d99c0,84000,85800
user_ad664471052541a1a36218409a2d99c0_57,user_ad664471052541a1a36218409a2d99c0,85500,87300
user_ad664471052541a1a36218409a2d99c0_58,user_ad664471052541a1a36218409a2d99c0,87000,88800
user_ad664471052541a1a36218409a2d99c0_59,user_ad664471052541a1a36218409a2d99c0,88500,90300
user_ad664471052541a1a36218409a2d99c0_60,user_ad664471052541a1a36218409a2d99c0,90000,91800
user_ad664471052541a1a36218409a2d99c0_61,user_ad664471052541a1a36218409a2d99c0,91500,93300
user_ad664471052541a1a36218409a2d99c0_62,user_ad664471052541a1a36218409a2d99c0,93000,94800
user_ad664471052541a1a36218409a2d99c0_63,user_ad664471052541a1a36218409a2d99c0,94500,96300
user_ad664471052541a1a36218409a2d99c0_64,user_ad664471052541a1a36218409a2d99c0,96000,97800
user_ad664471052541a1a36218409a2d99c0_65,user_ad664471052541a1a36218409a2d99c0,97500,99300
user_ad664471052541a1a36218409a2d99c0_66,user_ad664471052541a1a36218409a2d99c0,99000,100800
user_ad664471052541a1a36218409a2d99c0_67,user_ad664471052541a1a36218409a2d99c0,100500,102300
user_ad664471052541a1a36218409a2d99c0_68,user_ad664471052541a1a36218409a2d99c0,102000,103800
user_ad664471052541a1a36218409a2d99c0_69,user_ad664471052541a1a36218409a2d99c0,103500,105300
user_ad664471052541a1a36218409a2d99c0_70,user_ad664471052541a1a36218409a2d99c0,105000,106800
user_ad664471052541a1a36218409a2d99c0_71,user_ad664471052541a1a36218409a2d99c0,106500,108300
user_ad664471052541a1a36218409a2d99c0_72,user_ad664471052541a1a36218409a2d99c0,108000,109800
user_ad664471052541a1a36218409a2d99c0_73,user_ad664471052541a1a36218409a2d99c0,109500,111300
user_ad664471052541a1a36218409a2d99c0_74,user_ad664471052541a1a36218409a2d99c0,111000,112800
user_ad664471052541a1a36218409a2d99c0_75,user_ad664471052541a1a36218409a2d99c0,112500,114300
user_ad664471052541a1a36218409a2d99c0_76,user_ad664471052541a1a36218409a2d99c0,114000,115800
user_ad664471052541a1a36218409a2d99c0_77,user_ad664471052541a1a36218409a2d99c0,115500,117300
user_ad664471052541a1a36218409a2d99c0_78,user_ad664471052541a1a36218409a2d99c0,117000,118800
user_ad664471052541a1a36218409a2d99c0_79,user_ad664471052541a1a36218409a2d99c0,118500,120300
user_ad664471052541a1a36218409a2d99c0_80,user_ad664471052541a1a36218409a2d99c0,120000,121800
user_ad664471052541a1a36218409a2d99c0_81,user_ad664471052541a1a36218409a2d99c0,121500,123300
user_ad664471052541a1a36218409a2d99c0_82,user_ad664471052541a1a36218409a2d99c0,123000,124800
user_ad664471052541a1a36218409a2d99c0_83,user_ad664471052541a1a36218409a2d99c0,124500,126300
user_ad664471052541a1a36218409a2d99c0_84,user_ad664471052541a1a36218409a2d99c0,126000,127800
user_ad664471052541a1a36218409a2d99c0_85,user_ad664471052541a1a36218409a2d99c0,127500,129300
user_ad664471052541a1a36218409a2d99c0_86,user_ad664471052541a1a36218409a2d99c0,129000,130800
user_ad664471052541a1a36218409a2d99c0_87,user_ad664471052541a1a36218409a2d99c0,130500,132300
user_ad664471052541a1a36218409a2d99c0_88,user_ad664471052541a1a36218409a2d99c0,132000,133800
user_ad664471052541a1a36218409a2d99c0_89,user_ad664471052541a1a36218409a2d99c0,133500,135300
user_ad664471052541a1a36218409a2d99c0_90,user_ad664471052541a1a36218409a2d99c0,135000,136800
user_ad664471052541a1a36218409a2d99c0_91,user_ad664471052541a1a36218409a2d99c0,136500,138300
user_ad664471052541a1a36218409a2d99c0_92,user_ad664471052541a1a36218409a2d99c0,138000,139800
user_ad664471052541a1a36218409a2d99c0_93,user_ad664471052541a1a36218409a2d99c0,139500,141300
user_ad664471052541a1a36218409a2d99c0_94,user_ad664471052541a1a36218409a2d99c0,141000,142800
user_ad664471052541a1a36218409a2d99c0_95,user_ad664471052541a1a36218409a2d99c0,142500,144300
user_ad664471052541a1a36218409a2d99c0_96,user_ad664471052541a1a36218409a2d99c0,144000,145800
user_ad664471052541a1a36218409a2d99c0_97,user_ad664471052541a1a36218409a2d99c0,145500,147300
user_ad664471052541a1a36218409a2d99c0_98,user_ad664471052541a1a36218409a2d99c0,147000,148800
user_ad664471052541a1a36218409a2d99c0_99,user_ad664471052541a1a36218409a2d99c0,148500,150300
user_ad664471052541a1a36218409a2d99c0_100,user_ad664471052541a1a36218409a2d99c0,150000,151800
user_ad664471052541a1a36218409a2d99c0_101,user_ad664471052541a1a36218409a2d99c0,151500,153300
user_ad664471052541a1a36218409a2d99c0_102,user_ad664471052541a1a36218409a2d99c0,153000,154800
user_ad664471052541a1a36218409a2d99c0_103,user_ad664471052541a1a36218409a2d99c0,154500,156300
user_ad664471052541a1a36218409a2d99c0_104,user_ad664471052541a1a36218409a2d99c0,156000,157800
user_ad664471052541a1a36218409a2d99c0_105,user_ad664471052541a1a36218409a2d99c0,157500,159300
user_ad664471052541a1a36218409a2d99c0_106,user_ad664471052541a1a36218409a2d99c0,159000,160800
user_ad664471052541a1a36218409a2d99c0_107,user_ad664471052541a1a36218409a2d99c0,160500,162300
user_ad664471052541a1a36218409a2d99c0_108,user_ad664471052541a1a36218409a2d99c0,162000,163800
user_ad664471052541a1a36218409a2d99c0_109,user_ad664471052541a1a36218409a2d99c0,163500,165300
user_ad664471052541a1a36218409a2d99c0_110,user_ad664471052541a1a36218409a2d99c0,165000,166800
user_ad664471052541a1a36218409a2d99c0_111,user_ad664471052541a1a36218409a2d99c0,166500,168300
user_ad664471052541a1a36218409a2d99c0_112,user_ad664471052541a1a36218409a2d99c0,168000,169634
user_c8e52fe187c5433cbdfad3d8195af55f_0,user_c8e52fe187c5433cbdfad3d8195af55f,0,1800
user_c8e52fe187c5433cbdfad3d8195af55f_1,user_c8e52fe187c5433cbdfad3d8195af55f,1500,3300
user_c8e52fe187c5433cbdfad3d8195af55f_2,user_c8e52fe187c5433cbdfad3d8195af55f,3000,4800
user_c8e52fe187c5433cbdfad3d8195af55f_3,user_c8e52fe187c5433cbdfad3d8195af55f,4500,6300
user_c8e52fe187c5433cbdfad3d8195af55f_4,user_c8e52fe187c5433cbdfad3d8195af55f,6000,7800
user_c8e52fe187c5433cbdfad3d8195af55f_5,user_c8e52fe187c5433cbdfad3d8195af55f,7500,9300
user_c8e52fe187c5433cbdfad3d8195af55f_6,user_c8e52fe187c5433cbdfad3d8195af55f,9000,10800
user_c8e52fe187c5433cbdfad3d8195af55f_7,user_c8e52fe187c5433cbdfad3d8195af55f,10500,12300
user_c8e52fe187c5433cbdfad3d8195af55f_8,user_c8e52fe187c5433cbdfad3d8195af55f,12000,13800
user_c8e52fe187c5433cbdfad3d8195af55f_9,user_c8e52fe187c5433cbdfad3d8195af55f,13500,15300
user_c8e52fe187c5433cbdfad3d8195af55f_10,user_c8e52fe187c5433cbdfad3d8195af55f,15000,16800
user_c8e52fe187c5433cbdfad3d8195af55f_11,user_c8e52fe187c5433cbdfad3d8195af55f,16500,18300
user_c8e52fe187c5433cbdfad3d8195af55f_12,user_c8e52fe187c5433cbdfad3d8195af55f,18000,19800
user_c8e52fe187c5433cbdfad3d8195af55f_13,user_c8e52fe187c5433cbdfad3d8195af55f,19500,21300
user_c8e52fe187c5433cbdfad3d8195af55f_14,user_c8e52fe187c5433cbdfad3d8195af55f,21000,22800
user_c8e52fe187c5433cbdfad3d8195af55f_15,user_c8e52fe187c5433cbdfad3d8195af55f,22500,24300
user_c8e52fe187c5433cbdfad3d8195af55f_16,user_c8e52fe187c5433cbdfad3d8195af55f,24000,25800
user_c8e52fe187c5433cbdfad3d8195af55f_17,user_c8e52fe187c5433cbdfad3d8195af55f,25500,27300
user_c8e52fe187c5433cbdfad3d8195af55f_18,user_c8e52fe187c5433cbdfad3d8195af55f,27000,28800
user_c8e52fe187c5433cbdfad3d8195af55f_19,user_c8e52fe187c5433cbdfad3d8195af55f,28500,30300
user_c8e52fe187c5433cbdfad3d8195af55f_20,user_c8e52fe187c5433cbdfad3d8195af55f,30000,31800
user_c8e52fe187c5433cbdfad3d8195af55f_21,user_c8e52fe187c5433cbdfad3d8195af55f,31500,33300
user_c8e52fe187c5433cbdfad3d8195af55f_22,user_c8e52fe187c5433cbdfad3d8195af55f,33000,34800
user_c8e52fe187c5433cbdfad3d8195af55f_23,user_c8e52fe187c5433cbdfad3d8195af55f,34500,36300
user_c8e52fe187c5433cbdfad3d8195af55f_24,user_c8e52fe187c5433cbdfad3d8195af55f,36000,37800
user_c8e52fe187c5433cbdfad3d8195af55f_25,user_c8e52fe187c5433cbdfad3d8195af55f,37500,39300
user_c8e52fe187c5433cbdfad3d8195af55f_26,user_c8e52fe187c5433cbdfad3d8195af55f,39000,40800
user_c8e52fe187c5433cbdfad3d8195af55f_27,user_c8e52fe187c5433cbdfad3d8195af55f,40500,42300
user_c8e52fe187c5433cbdfad3d8195af55f_28,user_c8e52fe187c5433cbdfad3d8195af55f,42000,43800
user_c8e52fe187c5433cbdfad3d8195af55f_29,user_c8e52fe187c5433cbdfad3d8195af55f,43500,45300
user_c8e52fe187c5433cbdfad3d8195af55f_30,user_c8e52fe187c5433cbdfad3d8195af55f,45000,46800
user_c8e52fe187c5433cbdfad3d8195af55f_31,user_c8e52fe187c5433cbdfad3d8195af55f,46500,48300
user_c8e52fe187c5433cbdfad3d8195af55f_32,user_c8e52fe187c5433cbdfad3d8195af55f,48000,49800
user_c8e52fe187c5433cbdfad3d8195af55f_33,user_c8e52fe187c5433cbdfad3d8195af55f,49500,51300
user_c8e52fe187c5433cbdfad3d8195af55f_34,user_c8e52fe187c5433cbdfad3d8195af55f,51000,52800
user_c8e52fe187c5433cbdfad3d8195af55f_35,user_c8e52fe187c5433cbdfad3d8195af55f,52500,54300
user_c8e52fe187c5433cbdfad3d8195af55f_36,user_c8e52fe187c5433cbdfad3d8195af55f,54000,55800
user_c8e52fe187c5433cbdfad3d8195af55f_37,user_c8e52fe187c5433cbdfad3d8195af55f,55500,57300
user_c8e52fe187c5433cbdfad3d8195af55f_38,user_c8e52fe187c5433cbdfad3d8195af55f,57000,58800
user_c8e52fe187c5433cbdfad3d8195af55f_39,user_c8e52fe187c5433cbdfad3d8195af55f,58500,60300
user_c8e52fe187c5433cbdfad3d8195af55f_40,user_c8e52fe187c5433cbdfad3d8195af55f,60000,61800
user_c8e52fe187c5433cbdfad3d8195af55f_41,user_c8e52fe187c5433cbdfad3d8195af55f,61500,63300
user_c8e52fe187c5433cbdfad3d8195af55f_42,user_c8e52fe187c5433cbdfad3d8195af55f,63000,64800
user_c8e52fe187c5433cbdfad3d8195af55f_43,user_c8e52fe187c5433cbdfad3d8195af55f,64500,66300
user_c8e52fe187c5433cbdfad3d8195af55f_44,user_c8e52fe187c5433cbdfad3d8195af55f,66000,67800
user_c8e52fe187c5433cbdfad3d8195af55f_45,user_c8e52fe187c5433cbdfad3d8195af55f,67500,69300
user_c8e52fe187c5433cbdfad3d8195af55f_46,user_c8e52fe187c5433cbdfad3d8195af55f,69000,70800
user_c8e52fe187c5433cbdfad3d8195af55f_47,user_c8e52fe187c5433cbdfad3d8195af55f,70500,72300
user_c8e52fe187c5433cbdfad3d8195af55f_48,user_c8e52fe187c5433cbdfad3d8195af55f,72000,73800
user_c8e52fe187c5433cbdfad3d8195af55f_49,user_c8e52fe187c5433cbdfad3d8195af55f,73500,75300
user_c8e52fe187c5433cbdfad3d8195af55f_50,user_c8e52fe187c5433cbdfad3d8195af55f,75000,76800
user_c8e52fe187c5433cbdfad3d8195af55f_51,user_c8e52fe187c5433cbdfad3d8195af55f,76500,78300
user_c8e52fe187c5433cbdfad3d8195af55f_52,user_c8e52fe187c5433cbdfad3d8195af55f,78000,79800
user_c8e52fe187c5433cbdfad3d8195af55f_53,user_c8e52fe187c5433cbdfad3d8195af55f,79500,81300
user_c8e52fe187c5433cbdfad3d8195af55f_54,user_c8e52fe187c5433cbdfad3d8195af55f,81000,82800
user_c8e52fe187c5433cbdfad3d8195af55f_55,user_c8e52fe187c5433cbdfad3d8195af55f,82500,84300
user_c8e52fe187c5433cbdfad3d8195af55f_56,user_c8e52fe187c5433cbdfad3d8195af55f,84000,85800
user_c8e52fe187c5433cbdfad3d8195af55f_57,user_c8e52fe187c5433cbdfad3d8195af55f,85500,87300
user_c8e52fe187c5433cbdfad3d8195af55f_58,user_c8e52fe187c5433cbdfad3d8195af55f,87000,88800
user_c8e52fe187c5433cbdfad3d8195af55f_59,user_c8e52fe187c5433cbdfad3d8195af55f,88500,90300
user_c8e52fe187c5433cbdfad3d8195af55f_60,user_c8e52fe187c5433cbdfad3d8195af55f,90000,91800
user_c8e52fe187c5433cbdfad3d8195af55f_61,user_c8e52fe187c5433cbdfad3d8195af55f,91500,93300
user_c8e52fe187c5433cbdfad3d8195af55f_62,user_c8e52fe187c5433cbdfad3d8195af55f,93000,94800
user_c8e52fe187c5433cbdfad3d8195af55f_63,user_c8e52fe187c5433cbdfad3d8195af55f,94500,96300
user_c8e52fe187c5433cbdfad3d8195af55f_64,user_c8e52fe187c5433cbdfad3d8195af55f,96000,97800
user_c8e52fe187c5433cbdfad3d8195af55f_65,user_c8e52fe187c5433cbdfad3d8195af55f,97500,99300
user_c8e52fe187c5433cbdfad3d8195af55f_66,user_c8e52fe187c5433cbdfad3d8195af55f,99000,100800
user_c8e52fe187c5433cbdfad3d8195af55f_67,user_c8e52fe187c5433cbdfad3d8195af55f,100500,102300
user_c8e52fe187c5433cbdfad3d8195af55f_68,user_c8e52fe187c5433cbdfad3d8195af55f,102000,103800
user_c8e52fe187c5433cbdfad3d8195af55f_69,user_c8e52fe187c5433cbdfad3d8195af55f,103500,105300
user_c8e52fe187c5433cbdfad3d8195af55f_70,user_c8e52fe187c5433cbdfad3d8195af55f,105000,106800
user_c8e52fe187c5433cbdfad3d8195af55f_71,user_c8e52fe187c5433cbdfad3d8195af55f,106500,108300
user_c8e52fe187c5433cbdfad3d8195af55f_72,user_c8e52fe187c5433cbdfad3d8195af55f,108000,109800
user_c8e52fe187c5433cbdfad3d8195af55f_73,user_c8e52fe187c5433cbdfad3d8195af55f,109500,111300
user_c8e52fe187c5433cbdfad3d8195af55f_74,user_c8e52fe187c5433cbdfad3d8195af55f,111000,112800
user_c8e52fe187c5433cbdfad3d8195af55f_75,user_c8e52fe187c5433cbdfad3d8195af55f,112500,114300
user_c8e52fe187c5433cbdfad3d8195af55f_76,user_c8e52fe187c5433cbdfad3d8195af55f,114000,115800
user_c8e52fe187c5433cbdfad3d8195af55f_77,user_c8e52fe187c5433cbdfad3d8195af55f,115500,117300
user_c8e52fe187c5433cbdfad3d8195af55f_78,user_c8e52fe187c5433cbdfad3d8195af55f,117000,118800
user_c8e52fe187c5433cbdfad3d8195af55f_79,user_c8e52fe187c5433cbdfad3d8195af55f,118500,120300
user_c8e52fe187c5433cbdfad3d8195af55f_80,user_c8e52fe187c5433cbdfad3d8195af55f,120000,121800
user_c8e52fe187c5433cbdfad3d8195af55f_81,user_c8e52fe187c5433cbdfad3d8195af55f,121500,123300
user_c8e52fe187c5433cbdfad3d8195af55f_82,user_c8e52fe187c5433cbdfad3d8195af55f,123000,124800
user_c8e52fe187c5433cbdfad3d8195af55f_83,user_c8e52fe187c5433cbdfad3d8195af55f,124500,126300
user_c8e52fe187c5433cbdfad3d8195af55f_84,user_c8e52fe187c5433cbdfad3d8195af55f,126000,127800
user_c8e52fe187c5433cbdfad3d8195af55f_85,user_c8e52fe187c5433cbdfad3d8195af55f,127500,129300
user_c8e52fe187c5433cbdfad3d8195af55f_86,user_c8e52fe187c5433cbdfad3d8195af55f,129000,130800
user_c8e52fe187c5433cbdfad3d8195af55f_87,user_c8e52fe187c5433cbdfad3d8195af55f,130500,132300
user_c8e52fe187c5433cbdfad3d8195af55f_88,user_c8e52fe187c5433cbdfad3d8195af55f,132000,133800
user_c8e52fe187c5433cbdfad3d8195af55f_89,user_c8e52fe187c5433cbdfad3d8195af55f,133500,135300
user_c8e52fe187c5433cbdfad3d8195af55f_90,user_c8e52fe187c5433cbdfad3d8195af55f,135000,136800
user_c8e52fe187c5433cbdfad3d8195af55f_91,user_c8e52fe187c5433cbdfad3d8195af55f,136500,138300
user_c8e52fe187c5433cbdfad3d8195af55f_92,user_c8e52fe187c5433cbdfad3d8195af55f,138000,139800
user_c8e52fe187c5433cbdfad3d8195af55f_93,user_c8e52fe187c5433cbdfad3d8195af55f,139500,141300
user_c8e52fe187c5433cbdfad3d8195af55f_94,user_c8e52fe187c5433cbdfad3d8195af55f,141000,142800
user_c8e52fe187c5433cbdfad3d8195af55f_95,user_c8e52fe187c5433cbdfad3d8195af55f,142500,144300
user_c8e52fe187c5433cbdfad3d8195af55f_96,user_c8e52fe187c5433cbdfad3d8195af55f,144000,145800
user_c8e52fe187c5433cbdfad3d8195af55f_97,user_c8e52fe187c5433cbdfad3d8195af55f,145500,147300
user_c8e52fe187c5433cbdfad3d8195af55f_98,user_c8e52fe187c5433cbdfad3d8195af55f,147000,148800
user_c8e52fe187c5433cbdfad3d8195af55f_99,user_c8e52fe187c5433cbdfad3d8195af55f,148500,150300
user_c8e52fe187c5433cbdfad3d8195af55f_100,user_c8e52fe187c5433cbdfad3d8195af55f,150000,151800
user_c8e52fe187c5433cbdfad3d8195af55f_101,user_c8e52fe187c5433cbdfad3d8195af55f,151500,153300
user_c8e52fe187c5433cbdfad3d8195af55f_102,user_c8e52fe187c5433cbdfad3d8195af55f,153000,154800
user_c8e52fe187c5433cbdfad3d8195af55f_103,user_c8e52fe187c5433cbdfad3d8195af55f,154500,156300
user_c8e52fe187c5433cbdfad3d8195af55f_104,user_c8e52fe187c5433cbdfad3d8195af55f,156000,157800
user_c8e52fe187c5433cbdfad3d8195af55f_105,user_c8e52fe187c5433cbdfad3d8195af55f,157500,159300
user_c8e52fe187c5433cbdfad3d8195af55f_106,user_c8e52fe187c5433cbdfad3d8195af55f,159000,160800
user_c8e52fe187c5433cbdfad3d8195af55f_107,user_c8e52fe187c5433cbdfad3d8195af55f,160500,162300
user_c8e52fe187c5433cbdfad3d8195af55f_108,user_c8e52fe187c5433cbdfad3d8195af55f,162000,163800
user_c8e52fe187c5433cbdfad3d8195af55f_109,user_c8e52fe187c5433cbdfad3d8195af55f,163500,165300
user_c8e52fe187c5433cbdfad3d8195af55f_110,user_c8e52fe187c5433cbdfad3d8195af55f,165000,166800
user_c8e52fe187c5433cbdfad3d8195af55f_111,user_c8e52fe187c5433cbdfad3d8195af55f,166500,168300
user_c8e52fe187c5433cbdfad3d8195af55f_112,user_c8e52fe187c5433cbdfad3d8195af55f,168000,169634
user_d1eaf08c2f5c4852823bd22eb0d8a8cc_0,user_d1eaf08c2f5c4852823bd22eb0d8a8cc,0,1800
user_d1eaf08c2f5c4852823bd22eb0d8a8cc_1,user_d1eaf08c2f5c4852823bd22eb0d8a8cc,1500,3300
user_d1eaf08c2f5c4852823bd22eb0d8a8cc_2,user_d1eaf08c2f5c4852823bd22eb0d8a8cc,3000,4800
user_d1eaf08c2f5c4852823bd22eb0d8a8cc_3,user_d1eaf08c2f5c4852823bd22eb0d8a8cc,4500,6300
user_d1eaf08c2f5c4852823bd22eb0d8a8cc_4,user_d1eaf08c2f5c4852823bd22eb0d8a8cc,6000,7800
user_d1eaf08c2f5c4852823bd22eb0d8a8cc_5,user_d1eaf08c2f5c4852823bd22eb0d8a8cc,7500,9300
user_d1eaf08c2f5c4852823bd22eb0d8a8cc_6,user_d1eaf08c2f5c4852823bd22eb0d8a8cc,9000,10800
user_d1eaf08c2f5c4852823bd22eb0d8a8cc_7,user_d1eaf08c2f5c4852823bd22eb0d8a8cc,10500,12300
user_d1eaf08c2f5c4852823bd22eb0d8a8cc_8,user_d1eaf08c2f5c4852823bd22eb0d8a8cc,12000,13800
user_d1eaf08c2f5c4852823bd22eb0d8a8cc_9,user_d1eaf08c2f5c4852823bd22eb0d8a8cc,13500,15300
user_d1eaf08c2f5c4852823bd22eb0d8a8cc_10,user_d1eaf08c2f5c4852823bd22eb0d8a8cc,15000,16800
user_d1eaf08c2f5c4852823bd22eb0d8a8cc_11,user_d1eaf08c2f5c4852823bd22eb0d8a8cc,16500,18300
user_d1eaf08c2f5c4852823bd22eb0d8a8cc_12,user_d1eaf08c2f5c4852823bd22eb0d8a8cc,18000,19800
user_d1eaf08c2f5c4852823bd22eb0d8a8cc_13,user_d1eaf08c2f5c4852823bd22eb0d8a8cc,19500,21300
user_d1eaf08c2f5c4852823bd22eb0d8a8cc_14,user_d1eaf08c2f5c4852823bd22eb0d8a8cc,21000,22800
user_d1eaf08c2f5c4852823bd22eb0d8a8cc_15,user_d1eaf08c2f5c4852823bd22eb0d8a8cc,22500,24300
user_d1eaf08c2f5c4852823bd22eb0d8a8cc_16,user_d1eaf08c2f5c4852823bd22eb0d8a8cc,24000,25800
user_d1eaf08c2f5c4852823bd22eb0d8a8cc_17,user_d1eaf08c2f5c4852823bd22eb0d8a8cc,25500,27300
user_d1eaf08c2f5c4852823bd22eb0d8a8cc_18,user_d1eaf08c2f5c4852823bd22eb0d8a8cc,27000,28800
user_d1eaf08c2f5c4852823bd22eb0d8a8cc_19,user_d1eaf08c2f5c4852823bd22eb0d8a8cc,28500,30300
user_d1eaf08c2f5c4852823bd22eb0d8a8cc_20,user_d1eaf08c2f5c4852823bd22eb0d8a8cc,30000,31800
user_d1eaf08c2f5c4852823bd22eb0d8a8cc_21,user_d1eaf08c2f5c4852823bd22eb0d8a8cc,31500,33300
user_d1eaf08c2f5c4852823bd22eb0d8a8cc_22,user_d1eaf08c2f5c4852823bd22eb0d8a8cc,33000,34800
user_d1eaf08c2f5c4852823bd22eb0d8a8cc_23,user_d1eaf08c2f5c4852823bd22eb0d8a8cc,34500,36300
user_d1eaf08c2f5c4852823bd22eb0d8a8cc_24,user_d1eaf08c2f5c4852823bd22eb0d8a8cc,36000,37800
user_d1eaf08c2f5c4852823bd22eb0d8a8cc_25,user_d1eaf08c2f5c4852823bd22eb0d8a8cc,37500,39300
user_d1eaf08c2f5c4852823bd22eb0d8a8cc_26,user_d1eaf08c2f5c4852823bd22eb0d8a8cc,39000,40800
user_d1eaf08c2f5c4852823bd22eb0d8a8cc_27,user_d1eaf08c2f5c4852823bd22eb0d8a8cc,40500,42300
user_d1eaf08c2f5c4852823bd22eb0d8a8cc_28,user_d1eaf08c2f5c4852823bd22eb0d8a8cc,42000,43800
user_d1eaf08c2f5c4852823bd22eb0d8a8cc_29,user_d1eaf08c2f5c4852823bd22eb0d8a8cc,43500,45300
user_d1eaf08c2f5c4852823bd22eb0d8a8cc_30,user_d1eaf08c2f5c4852823bd22eb0d8a8cc,45000,46800
user_d1eaf08c2f5c4852823bd22eb0d8a8cc_31,user_d1eaf08c2f5c4852823bd22eb0d8a8cc,46500,48300
user_d1eaf08c2f5c4852823bd22eb0d8a8cc_32,user_d1eaf08c2f5c4852823bd22eb0d8a8cc,48000,49800
user_d1eaf08c2f5c4852823bd22eb0d8a8cc_33,user_d1eaf08c2f5c4852823bd22eb0d8a8cc,49500,51300
user_d1eaf08c2f5c4852823bd22eb0d8a8cc_34,user_d1eaf08c2f5c4852823bd22eb0d8a8cc,51000,52800
user_d1eaf08c2f5c4852823bd22eb0d8a8cc_35,user_d1eaf08c2f5c4852823bd22eb0d8a8cc,52500,54300
user_d1eaf08c2f5c4852823bd22eb0d8a8cc_36,user_d1eaf08c2f5c4852823bd22eb0d8a8cc,54000,55800
user_d1eaf08c2f5c4852823bd22eb0d8a8cc_37,user_d1eaf08c2f5c4852823bd22eb0d8a8cc,55500,57300
user_d1eaf08c2f5c4852823bd22eb0d8a8cc_38,user_d1eaf08c2f5c4852823bd22eb0d8a8cc,57000,58800
user_d1eaf08c2f5c4852823bd22eb0d8a8cc_39,user_d1eaf08c2f5c4852823bd22eb0d8a8cc,58500,60300
user_d1eaf08c2f5c4852823bd22eb0d8a8cc_40,user_d1eaf08c2f5c4852823bd22eb0d8a8cc,60000,61800
user_d1eaf08c2f5c4852823bd22eb0d8a8cc_41,user_d1eaf08c2f5c4852823bd22eb0d8a8cc,61500,63300
user_d1eaf08c2f5c4852823bd22eb0d8a8cc_42,user_d1eaf08c2f5c4852823bd22eb0d8a8cc,63000,64800
user_d1eaf08c2f5c4852823bd22eb0d8a8cc_43,user_d1eaf08c2f5c4852823bd22eb0d8a8cc,64500,66300
user_d1eaf08c2f5c4852823bd22eb0d8a8cc_44,user_d1eaf08c2f5c4852823bd22eb0d8a8cc,66000,67800
user_d1eaf08c2f5c4852823bd22eb0d8a8cc_45,user_d1eaf08c2f5c4852823bd22eb0d8a8cc,67500,69300
user_d1eaf08c2f5c4852823bd22eb0d8a8cc_46,user_d1eaf08c2f5c4852823bd22eb0d8a8cc,69000,70800
user_d1eaf08c2f5c4852823bd22eb0d8a8cc_47,user_d1eaf08c2f5c4852823bd22eb0d8a8cc,70500,72300
user_d1eaf08c2f5c4852823bd22eb0d8a8cc_48,user_d1eaf08c2f5c4852823bd22eb0d8a8cc,72000,73800
user_d1eaf08c2f5c4852823bd22eb0d8a8cc_49,user_d1eaf08c2f5c4852823bd22eb0d8a8cc,73500,75300
user_d1eaf08c2f5c4852823bd22eb0d8a8cc_50,user_d1eaf08c2f5c4852823bd22eb0d8a8cc,75000,76800
user_d1eaf08c2f5c4852823bd22eb0d8a8cc_51,user_d1eaf08c2f5c4852823bd22eb0d8a8cc,76500,78300
user_d1eaf08c2f5c4852823bd22eb0d8a8cc_52,user_d1eaf08c2f5c4852823bd22eb0d8a8cc,78000,79800
user_d1eaf08c2f5c4852823bd22eb0d8a8cc_53,user_d1eaf08c2f5c4852823bd22eb0d8a8cc,79500,81300
user_d1eaf08c2f5c4852823bd22eb0d8a8cc_54,user_d1eaf08c2f5c4852823bd22eb0d8a8cc,81000,82800
user_d1eaf08c2f5c4852823bd22eb0d8a8cc_55,user_d1eaf08c2f5c4852823bd22eb0d8a8cc,82500,84300
user_d1eaf08c2f5c4852823bd22eb0d8a8cc_56,user_d1eaf08c2f5c4852823bd22eb0d8a8cc,84000,85800
user_d1eaf08c2f5c4852823bd22eb0d8a8cc_57,user_d1eaf08c2f5c4852823bd22eb0d8a8cc,85500,87300
user_d1eaf08c2f5c4852823bd22eb0d8a8cc_58,user_d1eaf08c2f5c4852823bd22eb0d8a8cc,87000,88800
user_d1eaf08c2f5c4852823bd22eb0d8a8cc_59,user_d1eaf08c2f5c4852823bd22eb0d8a8cc,88500,90300
user_d1eaf08c2f5c4852823bd22eb0d8a8cc_60,user_d1eaf08c2f5c4852823bd22eb0d8a8cc,90000,91800
user_d1eaf08c2f5c4852823bd22eb0d8a8cc_61,user_d1eaf08c2f5c4852823bd22eb0d8a8cc,91500,93300
user_d1eaf08c2f5c4852823bd22eb0d8a8cc_62,user_d1eaf08c2f5c4852823bd22eb0d8a8cc,93000,94800
user_d1eaf08c2f5c4852823bd22eb0d8a8cc_63,user_d1eaf08c2f5c4852823bd22eb0d8a8cc,94500,96300
user_d1eaf08c2f5c4852823bd22eb0d8a8cc_64,user_d1eaf08c2f5c4852823bd22eb0d8a8cc,96000,97800
user_d1eaf08c2f5c4852823bd22eb0d8a8cc_65,user_d1eaf08c2f5c4852823bd22eb0d8a8cc,97500,99300
user_d1eaf08c2f5c4852823bd22eb0d8a8cc_66,user_d1eaf08c2f5c4852823bd22eb0d8a8cc,99000,100800
user_d1eaf08c2f5c4852823bd22eb0d8a8cc_67,user_d1eaf08c2f5c4852823bd22eb0d8a8cc,100500,102300
user_d1eaf08c2f5c4852823bd22eb0d8a8cc_68,user_d1eaf08c2f5c4852823bd22eb0d8a8cc,102000,103800
user_d1eaf08c2f5c4852823bd22eb0d8a8cc_69,user_d1eaf08c2f5c4852823bd22eb0d8a8cc,103500,105300
user_d1eaf08c2f5c4852823bd22eb0d8a8cc_70,user_d1eaf08c2f5c4852823bd22eb0d8a8cc,105000,106800
user_d1eaf08c2f5c4852823bd22eb0d8a8cc_71,user_d1eaf08c2f5c4852823bd22eb0d8a8cc,106500,108300
user_d1eaf08c2f5c4852823bd22eb0d8a8cc_72,user_d1eaf08c2f5c4852823bd22eb0d8a8cc,108000,109800
user_d1eaf08c2f5c4852823bd22eb0d8a8cc_73,user_d1eaf08c2f5c4852823bd22eb0d8a8cc,109500,111300
user_d1eaf08c2f5c4852823bd22eb0d8a8cc_74,user_d1eaf08c2f5c4852823bd22eb0d8a8cc,111000,112800
user_d1eaf08c2f5c4852823bd22eb0d8a8cc_75,user_d1eaf08c2f5c4852823bd22eb0d8a8cc,112500,114300
user_d1eaf08c2f5c4852823bd22eb0d8a8cc_76,user_d1eaf08c2f5c4852823bd22eb0d8a8cc,114000,115800
user_d1eaf08c2f5c4852823bd22eb0d8a8cc_77,user_d1eaf08c2f5c4852823bd22eb0d8a8cc,115500,117300
user_d1eaf08c2f5c4852823bd22eb0d8a8cc_78,user_d1eaf08c2f5c4852823bd22eb0d8a8cc,117000,118800
user_d1eaf08c2f5c4852823bd22eb0d8a8cc_79,user_d1eaf08c2f5c4852823bd22eb0d8a8cc,118500,120300
user_d1eaf08c2f5c4852823bd22eb0d8a8cc_80,user_d1eaf08c2f5c4852823bd22eb0d8a8cc,120000,121800
user_d1eaf08c2f5c4852823bd22eb0d8a8cc_81,user_d1eaf08c2f5c4852823bd22eb0d8a8cc,121500,123300
user_d1eaf08c2f5c4852823bd22eb0d8a8cc_82,user_d1eaf08c2f5c4852823bd22eb0d8a8cc,123000,124800
user_d1eaf08c2f5c4852823bd22eb0d8a8cc_83,user_d1eaf08c2f5c4852823bd22eb0d8a8cc,124500,126300
user_d1eaf08c2f5c4852823bd22eb0d8a8cc_84,user_d1eaf08c2f5c4852823bd22eb0d8a8cc,126000,127800
user_d1eaf08c2f5c4852823bd22eb0d8a8cc_85,user_d1eaf08c2f5c4852823bd22eb0d8a8cc,127500,129300
user_d1eaf08c2f5c4852823bd22eb0d8a8cc_86,user_d1eaf08c2f5c4852823bd22eb0d8a8cc,129000,130800
user_d1eaf08c2f5c4852823bd22eb0d8a8cc_87,user_d1eaf08c2f5c4852823bd22eb0d8a8cc,130500,132300
user_d1eaf08c2f5c4852823bd22eb0d8a8cc_88,user_d1eaf08c2f5c4852823bd22eb0d8a8cc,132000,133800
user_d1eaf08c2f5c4852823bd22eb0d8a8cc_89,user_d1eaf08c2f5c4852823bd22eb0d8a8cc,133500,135300
user_d1eaf08c2f5c4852823bd22eb0d8a8cc_90,user_d1eaf08c2f5c4852823bd22eb0d8a8cc,135000,136800
user_d1eaf08c2f5c4852823bd22eb0d8a8cc_91,user_d1eaf08c2f5c4852823bd22eb0d8a8cc,136500,138300
user_d1eaf08c2f5c4852823bd22eb0d8a8cc_92,user_d1eaf08c2f5c4852823bd22eb0d8a8cc,138000,139800
user_d1eaf08c2f5c4852823bd22eb0d8a8cc_93,user_d1eaf08c2f5c4852823bd22eb0d8a8cc,139500,141300
user_d1eaf08c2f5c4852823bd22eb0d8a8cc_94,user_d1eaf08c2f5c4852823bd22eb0d8a8cc,141000,142800
user_d1eaf08c2f5c4852823bd22eb0d8a8cc_95,user_d1eaf08c2f5c4852823bd22eb0d8a8cc,142500,144300
user_d1eaf08c2f5c4852823bd22eb0d8a8cc_96,user_d1eaf08c2f5c4852823bd22eb0d8a8cc,144000,145800
user_d1eaf08c2f5c4852823bd22eb0d8a8cc_97,user_d1eaf08c2f5c4852823bd22eb0d8a8cc,145500,147300
user_d1eaf08c2f5c4852823bd22eb0d8a8cc_98,user_d1eaf08c2f5c4852823bd22eb0d8a8cc,147000,148800
user_d1eaf08c2f5c4852823bd22eb0d8a8cc_99,user_d1eaf08c2f5c4852823bd22eb0d8a8cc,148500,150300
user_d1eaf08c2f5c4852823bd22eb0d8a8cc_100,user_d1eaf08c2f5c4852823bd22eb0d8a8cc,150000,151800
user_d1eaf08c2f5c4852823bd22eb0d8a8cc_101,user_d1eaf08c2f5c4852823bd22eb0d8a8cc,151500,153300
user_d1eaf08c2f5c4852823bd22eb0d8a8cc_102,user_d1eaf08c2f5c4852823bd22eb0d8a8cc,153000,154800
user_d1eaf08c2f5c4852823bd22eb0d8a8cc_103,user_d1eaf08c2f5c4852823bd22eb0d8a8cc,154500,156300
user_d1eaf08c2f5c4852823bd22eb0d8a8cc_104,user_d1eaf08c2f5c4852823bd22eb0d8a8cc,156000,157800
user_d1eaf08c2f5c4852823bd22eb0d8a8cc_105,user_d1eaf08c2f5c4852823bd22eb0d8a8cc,157500,159300
user_d1eaf08c2f5c4852823bd22eb0d8a8cc_106,user_d1eaf08c2f5c4852823bd22eb0d8a8cc,159000,160800
user_d1eaf08c2f5c4852823bd22eb0d8a8cc_107,user_d1eaf08c2f5c4852823bd22eb0d8a8cc,160500,162300
user_d1eaf08c2f5c4852823bd22eb0d8a8cc_108,user_d1eaf08c2f5c4852823bd22eb0d8a8cc,162000,163800
user_d1eaf08c2f5c4852823bd22eb0d8a8cc_109,user_d1eaf08c2f5c4852823bd22eb0d8a8cc,163500,165300
user_d1eaf08c2f5c4852823bd22eb0d8a8cc_110,user_d1eaf08c2f5c4852823bd22eb0d8a8cc,165000,166800
user_d1eaf08c2f5c4852823bd22eb0d8a8cc_111,user_d1eaf08c2f5c4852823bd22eb0d8a8cc,166500,168300
user_d1eaf08c2f5c4852823bd22eb0d8a8cc_112,user_d1eaf08c2f5c4852823bd22eb0d8a8cc,168000,169634
user_paste_28b22bb4_0,user_paste_28b22bb4,0,1800
user_paste_28b22bb4_1,user_paste_28b22bb4,1500,1893
